{
  "feature_names": [
    "used_sats",
    "pdop",
    "gdop",
    "residual_rms_m",
    "residual_max_m",
    "clock_bias_m",
    "h"
  ],
  "means": [
    9.765707671957673,
    3.8962453703703765,
    4.683496031746016,
    1.0737697420634895,
    2.5367205439814757,
    3.9161524140211763,
    150.448114079034
  ],
  "scales": [
    3.20960879025816,
    2.471525176062572,
    2.525515849426637,
    0.9253155144526863,
    2.4943121003542466,
    6.829781348388422,
    52.53851060032656
  ],
  "coefficients": {
    "east": [
      0.09804706514548983,
      0.15890822583593237,
      -1.4972259709997924,
      1.6120981177116573,
      0.07094762350264186,
      -0.17222246423071289,
      -0.08543370530711726,
      -0.11131371524230659
    ],
    "north": [
      2.749713417658792,
      -0.38337485336636246,
      11.04699064795054,
      -9.999511375101182,
      1.340333105443974,
      0.07628521927438117,
      0.5831745753804243,
      0.5177148366070333
    ],
    "up": [
      -0.8263518931877348,
      0.0007357077356360264,
      7.99188061528524,
      -7.9158536260999455,
      0.2658740293529186,
      -0.8933945448766907,
      4.340241856214636,
      -2.6615220063150944
    ]
  }
}